Sl.No,Date,Total_Qty,Overall_TS,Overall_Weighted_Average,Eraiyur_Qty,Eraiyur_TS,Eraiyur_Weighted _Average,Naripalayam_Qty,Naripalayam_TS,Naripalayam_Weighted _Average,Ellaigramam_Qty,Ellaigramam_TS,Ellaigramam_Weighted _Average,Kadiyar_Qty,Kadiyar_TS,Kadiyar_Weighted _Average,Kolathur_Qty,Kolathur_TS,Kolathur_Weighted _Average
1,01-04-2024,1933,12.2,235.121,1541,12.3,189.543,66,11.6,7.656,140,11.7,16.38,110,11.5,12.65,76,11.7,8.892
2,02-04-2024,3290,11.7,386.011,2826,11.8,332.49,65,11.6,7.54,154,11.6,17.864,114,11.4,12.996,131,11.5,15.121
3,03-04-2024,2868,11.9,340.898,2388,12.0,285.713,74,11.6,8.584,149,11.5,17.135,123,11.4,14.022,134,11.5,15.444
4,04-04-2024,2223,11.6,258.354,1564,11.7,182.988,115,11.4,13.155,230,11.5,26.45,186,11.4,21.115,128,11.4,14.646
5,05-04-2024,3314,11.9,393.111,2969,11.9,353.398,72,11.5,8.28,155,11.5,17.825,40,11.4,4.56,78,11.6,9.048
6,06-04-2024,3678,11.8,434.981,3144,11.9,373.458,123,11.5,14.145,233,11.6,26.936,103,11.4,11.742,75,11.6,8.7
7,07-04-2024,787,11.7,92.116,388,12.0,46.56,73,11.4,8.322,154,11.4,17.556,102,11.4,11.628,70,11.5,8.05
8,08-04-2024,3625,11.9,430.01,3170,11.9,377.492,67,11.6,7.76,239,11.5,27.569,95,11.5,10.925,54,11.6,6.264
9,09-04-2024,959,11.7,111.949,536,11.9,63.76,74,11.4,8.436,156,11.4,17.784,115,11.4,13.077,78,11.4,8.892
10,10-04-2024,3434,11.8,403.667,3016,11.8,356.06,71,11.5,8.165,155,11.4,17.67,116,11.3,13.108,76,11.4,8.664
11,11-04-2024,1353,11.9,161.089,928,12.1,112.288,73,11.5,8.395,145,11.5,16.726,125,11.4,14.25,82,11.5,9.43
12,12-04-2024,3009,11.9,356.798,2715,11.9,323.166,48,11.4,5.472,94,11.5,10.81,94,11.3,10.622,58,11.6,6.728
13,13-04-2024,1124,11.7,131.178,587,11.8,69.318,64,11.5,7.36,163,11.6,18.908,226,11.4,25.764,84,11.7,9.828
14,14-04-2024,3663,11.8,433.597,3146,11.9,373.92,111,11.6,12.828,253,11.6,29.348,94,11.4,10.716,59,11.5,6.785
15,15-04-2024,1388,11.7,162.632,1062,11.8,125.325,49,11.5,5.635,94,11.5,10.81,108,11.4,12.312,75,11.4,8.55
16,16-04-2024,3038,11.8,357.147,2652,11.8,312.625,66,11.6,7.656,165,11.6,19.14,99,11.4,11.286,56,11.5,6.44
17,17-04-2024,968,11.8,113.964,634,11.9,75.68,47,11.5,5.405,87,11.5,10.005,126,11.4,14.364,74,11.5,8.51
18,18-04-2024,3399,11.7,398.824,2993,11.8,352.31,69,11.4,7.866,171,11.5,19.665,107,11.4,12.198,59,11.5,6.785
19,19-04-2024,1333,11.9,158.523,999,12.0,119.88,45,11.5,5.175,89,11.6,10.324,128,11.5,14.72,72,11.7,8.424
20,20-04-2024,3222,11.8,380.689,2731,11.9,324.174,67,11.6,7.772,173,11.5,19.915,104,11.4,11.856,147,11.5,16.972
21,21-04-2024,1219,11.6,141.879,844,11.7,98.863,53,11.5,6.095,140,11.5,16.1,109,11.4,12.426,73,11.5,8.395
22,22-04-2024,1902,11.7,222.991,1611,11.8,189.915,39,11.4,4.446,93,11.4,10.602,98,11.3,11.074,61,11.4,6.954
23,23-04-2024,1468,11.8,173.032,807,12.1,97.39,40,11.5,4.6,265,11.5,30.475,209,11.4,23.729,147,11.5,16.838
24,24-04-2024,3147,11.8,370.973,2836,11.8,335.322,46,11.5,5.29,96,11.5,11.025,99,11.4,11.286,70,11.5,8.05
25,25-04-2024,1060,11.8,124.797,631,11.9,75.358,58,11.6,6.728,165,11.6,19.14,119,11.4,13.566,87,11.5,10.005
26,26-04-2024,1737,11.6,201.968,1288,11.7,150.468,61,11.5,7.015,168,11.5,19.32,135,11.4,15.39,85,11.5,9.775
27,27-04-2024,2502,11.8,296.341,2197,11.9,261.363,49,11.5,5.635,94,11.5,10.81,97,11.4,11.058,65,11.5,7.475
28,28-04-2024,1537,11.8,181.362,1133,11.9,134.961,44,11.5,5.06,159,11.5,18.285,109,11.4,12.426,92,11.6,10.63
29,29-04-2024,2742,11.7,321.267,2435,11.7,286.045,40,11.5,4.6,93,11.5,10.714,102,11.4,11.628,72,11.5,8.28
30,30-04-2024,2107,11.8,248.348,1555,11.9,184.935,95,11.5,10.925,242,11.5,27.83,127,11.4,14.478,88,11.6,10.18
31,01-05-2024,2654,11.9,315.99,2359,12.0,282.162,44,11.5,5.06,93,11.5,10.695,91,11.4,10.368,67,11.5,7.705
32,02-05-2024,1614,11.7,189.319,1200,11.8,142,61,11.4,6.954,159,11.5,18.285,115,11.3,12.995,79,11.5,9.085
33,03-05-2024,2752,11.6,320.286,2289,11.7,267.213,44,11.5,5.06,261,11.5,30.015,98,11.3,11.074,60,11.5,6.924
34,04-05-2024,1794,11.7,210.148,1483,11.8,174.545,58,11.4,6.612,89,11.5,10.235,104,11.4,11.856,60,11.5,6.9
35,05-05-2024,2958,11.8,348.052,2550,11.8,301.188,39,11.5,4.469,156,11.6,18.035,135,11.4,15.39,78,11.5,8.97
36,06-05-2024,1438,11.9,170.522,1131,12.0,135.258,57,11.6,6.612,97,11.5,11.155,98,11.4,11.172,55,11.5,6.325
37,07-05-2024,3086,11.8,363.057,2676,11.8,316.065,40,11.4,4.56,173,11.5,19.895,118,11.4,13.452,79,11.5,9.085
38,08-05-2024,1533,11.7,179.696,1109,11.8,131.28,55,11.5,6.325,213,11.5,24.403,96,11.3,10.848,60,11.4,6.84
39,09-05-2024,2438,11.7,284.775,2176,11.7,254.74,37,11.4,4.218,32,11.7,3.744,122,11.4,13.908,71,11.5,8.165
40,10-05-2024,2359,11.9,281.248,2057,12.0,246.626,59,11.5,6.785,90,11.5,10.336,94,11.4,10.716,59,11.5,6.785
41,11-05-2024,3621,11.6,421.147,3327,11.7,387.678,47,11.3,5.311,89,11.4,10.146,94,11.4,10.716,64,11.4,7.296
42,12-05-2024,993,11.8,117.53,602,12.0,72.434,66,11.5,7.59,149,11.6,17.294,102,11.4,11.628,74,11.6,8.584
43,13-05-2024,1111,11.6,129.08,453,12.0,54.254,99,11.4,11.286,233,11.4,26.562,186,11.3,21.018,140,11.4,15.96
44,14-05-2024,4192,11.6,487.701,3521,11.7,411.306,104,11.4,11.856,248,11.4,28.272,198,11.4,22.473,121,11.4,13.794
45,15-05-2024,1151,11.6,133.822,462,11.9,54.796,109,11.5,12.535,237,11.5,27.255,209,11.4,23.826,134,11.5,15.41
46,16-05-2024,4116,11.5,474.634,3418,11.6,394.779,118,11.4,13.452,236,11.5,27.14,203,11.4,23.048,141,11.5,16.215
47,17-05-2024,1330,11.8,156.948,650,12.2,79.25,114,11.5,13.067,228,11.4,26.066,197,11.3,22.35,141,11.5,16.215
48,18-05-2024,3889,11.7,456.179,3232,11.8,380.924,108,11.5,12.373,230,11.5,26.45,165,11.4,18.81,154,11.4,17.622
49,19-05-2024,1064,11.7,124.401,401,12.1,48.371,102,11.5,11.686,241,11.5,27.715,171,11.4,19.494,149,11.5,17.135
50,20-05-2024,4188,11.6,486.667,3510,11.7,409.227,115,11.4,13.11,230,11.5,26.361,182,11.4,20.668,151,11.5,17.301
51,21-05-2024,1372,11.7,161.125,615,12.1,74.415,129,11.5,14.835,253,11.5,29.095,222,11.3,25.185,153,11.5,17.595
52,22-05-2024,4267,11.7,500.863,3559,11.8,420.248,125,11.4,14.25,232,11.4,26.448,202,11.4,22.931,149,11.4,16.986
53,23-05-2024,1712,11.8,201.642,974,12.0,116.954,122,11.5,13.974,242,11.5,27.914,210,11.4,23.94,164,11.5,18.86
54,24-05-2024,3895,11.6,453.544,3151,11.7,367.962,123,11.5,14.145,239,11.6,27.651,215,11.4,24.51,167,11.5,19.276
55,25-05-2024,1449,11.7,169.792,712,12.0,85.44,126,11.4,14.364,247,11.5,28.405,198,11.4,22.493,166,11.5,19.09
56,26-05-2024,4199,11.7,493.013,3453,11.8,406.96,121,11.5,13.915,240,11.6,27.924,223,11.4,25.422,162,11.6,18.792
57,27-05-2024,1228,11.7,144.133,479,12.1,57.88,110,11.5,12.606,224,11.6,26.026,243,11.5,27.841,172,11.5,19.78
58,28-05-2024,4494,11.8,531.672,3737,11.9,444.389,123,11.5,14.145,236,11.7,27.612,244,11.4,27.816,154,11.5,17.71
59,29-05-2024,1572,11.8,185.511,833,12.1,100.821,136,11.5,15.66,235,11.5,27.088,208,11.4,23.617,160,11.5,18.325
60,30-05-2024,4122,11.7,483.373,3351,11.8,394.845,127,11.4,14.478,237,11.6,27.492,247,11.4,28.158,160,11.5,18.4
61,31-05-2024,4098,11.7,480.985,3369,11.8,397.528,126,11.4,14.413,241,11.5,27.715,201,11.4,22.814,161,11.5,18.515
62,01-06-2024,1413,11.6,163.663,704,11.7,82.416,106,11.4,12.099,227,11.6,26.249,218,11.3,24.729,158,11.5,18.17
63,02-06-2024,4069,11.6,472.886,3360,11.7,391.615,116,11.4,13.27,240,11.5,27.6,194,11.4,22.116,159,11.5,18.285
64,03-06-2024,4070,11.6,472.463,3347,11.6,389.568,99,11.5,11.345,249,11.5,28.635,210,11.4,23.94,165,11.5,18.975
65,04-06-2024,1392,11.6,161.204,631,11.7,74.069,124,11.5,14.202,250,11.5,28.66,232,11.4,26.448,155,11.5,17.825
66,05-06-2024,1173,11.6,136.467,408,12.0,49.136,121,11.5,13.915,243,11.4,27.702,235,11.4,26.79,166,11.4,18.924
67,06-06-2024,4259,11.7,499.007,3481,11.8,410.564,123,11.4,14.022,241,11.4,27.474,249,11.3,28.137,165,11.4,18.81
68,07-06-2024,1223,11.7,142.761,477,12.0,57.255,120,11.5,13.751,235,11.5,27.025,235,11.4,26.79,156,11.5,17.94
69,08-06-2024,4226,11.6,490.769,3499,11.6,407.569,104,11.5,11.96,242,11.5,27.743,223,11.4,25.327,158,11.5,18.17
70,09-06-2024,1542,11.7,179.864,806,11.9,95.896,119,11.5,13.63,234,11.4,26.676,237,11.4,27.018,146,11.4,16.644
71,10-06-2024,4079,11.6,474.385,3335,11.7,389.48,118,11.4,13.452,238,11.5,27.283,230,11.3,26.088,158,11.4,18.082
72,11-06-2024,1476,11.7,172.257,734,11.9,87.41,118,11.5,13.513,224,11.5,25.669,236,11.4,26.805,164,11.5,18.86
73,12-06-2024,3579,11.7,420.527,2788,11.8,330.208,127,11.4,14.528,234,11.5,26.91,259,11.3,29.387,171,11.4,19.494
74,13-06-2024,1204,11.9,143.012,645,12.2,78.69,45,11.6,5.22,204,11.6,23.571,119,11.4,13.566,191,11.5,21.965
75,14-06-2024,924,11.8,108.604,461,12.1,55.781,83,11.4,9.462,41,11.5,4.715,145,11.4,16.53,194,11.4,22.116
76,15-06-2024,943,11.6,108.953,204,12.0,24.48,53,11.4,6.042,228,11.5,26.129,267,11.4,30.438,191,11.4,21.864
77,16-06-2024,3414,11.8,402.412,2656,11.9,315.666,138,11.5,15.87,231,11.4,26.427,286,11.4,32.604,103,11.5,11.845
78,17-06-2024,1830,11.9,217.136,1384,12.0,166.08,76,11.4,8.664,127,11.5,14.605,158,11.4,18.012,85,11.5,9.775
79,18-06-2024,2715,11.8,319.304,2368,11.8,279.57,51,11.4,5.814,90,11.5,10.35,120,11.4,13.68,86,11.5,9.89
80,19-06-2024,1173,11.7,137.526,798,11.9,94.568,52,11.4,5.946,84,11.5,9.66,133,11.4,15.162,106,11.5,12.19
81,20-06-2024,3039,11.7,356.668,2520,11.8,297.36,41,11.5,4.715,91,11.4,10.374,286,11.4,32.604,101,11.6,11.615
82,21-06-2024,2425,11.9,289.114,1971,12.0,236.961,78,11.6,9.048,139,11.5,15.985,135,11.4,15.39,102,11.5,11.73
83,22-06-2024,2663,11.7,310.727,2300,11.7,269.4,44,11.4,5.016,88,11.4,10.032,143,11.3,16.159,88,11.5,10.12
84,23-06-2024,2715,11.5,313.167,2353,11.6,272.238,51,11.4,5.814,95,11.3,10.735,122,11.2,13.664,94,11.4,10.716
85,24-06-2024,2034,11.8,239.841,1546,11.9,183.882,70,11.5,8.05,147,11.5,16.905,161,11.4,18.354,110,11.5,12.65
86,25-06-2024,2954,11.7,346.802,2482,11.8,292.84,48,11.5,5.52,99,11.5,11.385,231,11.4,26.247,94,11.5,10.81
87,26-06-2024,2385,11.8,281.099,1993,11.8,235.988,71,11.6,8.236,144,11.5,16.594,74,11.4,8.436,103,11.5,11.845
88,27-06-2024,2774,11.7,323.471,2400,11.7,281,48,11.4,5.472,97,11.4,11.028,135,11.3,15.255,94,11.4,10.716
89,28-06-2024,2378,11.8,280.037,1915,11.9,226.94,70,11.5,8.05,138,11.5,15.87,148,11.4,16.872,107,11.5,12.305
90,29-06-2024,2360,11.8,278.187,1901,11.9,225.656,63,11.5,7.245,142,11.5,16.33,145,11.4,16.53,109,11.4,12.426
91,30-06-2024,2494,11.8,293.371,2132,11.8,251.84,49,11.6,5.671,89,11.5,10.235,135,11.4,15.39,89,11.5,10.235
92,31-05-2024,4098,11.7,480.985,3369,11.8,397.528,126,11.4,14.413,241,11.5,27.715,201,11.4,22.814,161,11.5,18.515
93,01-06-2024,1413,11.6,163.663,704,11.7,82.416,106,11.4,12.099,227,11.6,26.249,218,11.3,24.729,158,11.5,18.17
94,02-06-2024,4069,11.6,472.886,3360,11.7,391.615,116,11.4,13.27,240,11.5,27.6,194,11.4,22.116,159,11.5,18.285
95,03-06-2024,4070,11.6,472.463,3347,11.6,389.568,99,11.5,11.345,249,11.5,28.635,210,11.4,23.94,165,11.5,18.975
96,04-06-2024,1392,11.6,161.204,631,11.7,74.069,124,11.5,14.202,250,11.5,28.66,232,11.4,26.448,155,11.5,17.825
97,05-06-2024,1173,11.6,136.467,408,12.0,49.136,121,11.5,13.915,243,11.4,27.702,235,11.4,26.79,166,11.4,18.924
98,06-06-2024,4259,11.7,499.007,3481,11.8,410.564,123,11.4,14.022,241,11.4,27.474,249,11.3,28.137,165,11.4,18.81
99,07-06-2024,1223,11.7,142.761,477,12.0,57.255,120,11.5,13.751,235,11.5,27.025,235,11.4,26.79,156,11.5,17.94
100,08-06-2024,4226,11.6,490.769,3499,11.6,407.569,104,11.5,11.96,242,11.5,27.743,223,11.4,25.327,158,11.5,18.17
101,09-06-2024,1542,11.7,179.864,806,11.9,95.896,119,11.5,13.63,234,11.4,26.676,237,11.4,27.018,146,11.4,16.644
102,10-06-2024,4079,11.6,474.385,3335,11.7,389.48,118,11.4,13.452,238,11.5,27.283,230,11.3,26.088,158,11.4,18.082
103,11-06-2024,1476,11.7,172.257,734,11.9,87.41,118,11.5,13.513,224,11.5,25.669,236,11.4,26.805,164,11.5,18.86
104,12-06-2024,3579,11.7,420.527,2788,11.8,330.208,127,11.4,14.528,234,11.5,26.91,259,11.3,29.387,171,11.4,19.494
105,13-06-2024,1204,11.9,143.012,645,12.2,78.69,45,11.6,5.22,204,11.6,23.571,119,11.4,13.566,191,11.5,21.965
106,14-06-2024,924,11.8,108.604,461,12.1,55.781,83,11.4,9.462,41,11.5,4.715,145,11.4,16.53,194,11.4,22.116
107,15-06-2024,943,11.6,108.953,204,12.0,24.48,53,11.4,6.042,228,11.5,26.129,267,11.4,30.438,191,11.4,21.864
108,16-06-2024,3414,11.8,402.412,2656,11.9,315.666,138,11.5,15.87,231,11.4,26.427,286,11.4,32.604,103,11.5,11.845
109,17-06-2024,1830,11.9,217.136,1384,12.0,166.08,76,11.4,8.664,127,11.5,14.605,158,11.4,18.012,85,11.5,9.775
110,18-06-2024,2715,11.8,319.304,2368,11.8,279.57,51,11.4,5.814,90,11.5,10.35,120,11.4,13.68,86,11.5,9.89
111,19-06-2024,1173,11.7,137.526,798,11.9,94.568,52,11.4,5.946,84,11.5,9.66,133,11.4,15.162,106,11.5,12.19
112,20-06-2024,3039,11.7,356.668,2520,11.8,297.36,41,11.5,4.715,91,11.4,10.374,286,11.4,32.604,101,11.6,11.615
113,21-06-2024,2425,11.9,289.114,1971,12.0,236.961,78,11.6,9.048,139,11.5,15.985,135,11.4,15.39,102,11.5,11.73
114,22-06-2024,2663,11.7,310.727,2300,11.7,269.4,44,11.4,5.016,88,11.4,10.032,143,11.3,16.159,88,11.5,10.12
115,23-06-2024,2715,11.5,313.167,2353,11.6,272.238,51,11.4,5.814,95,11.3,10.735,122,11.2,13.664,94,11.4,10.716
116,24-06-2024,2034,11.8,239.841,1546,11.9,183.882,70,11.5,8.05,147,11.5,16.905,161,11.4,18.354,110,11.5,12.65
117,25-06-2024,2954,11.7,346.802,2482,11.8,292.84,48,11.5,5.52,99,11.5,11.385,231,11.4,26.247,94,11.5,10.81
118,26-06-2024,2385,11.8,281.099,1993,11.8,235.988,71,11.6,8.236,144,11.5,16.594,74,11.4,8.436,103,11.5,11.845
119,27-06-2024,2774,11.7,323.471,2400,11.7,281,48,11.4,5.472,97,11.4,11.028,135,11.3,15.255,94,11.4,10.716
120,28-06-2024,2378,11.8,280.037,1915,11.9,226.94,70,11.5,8.05,138,11.5,15.87,148,11.4,16.872,107,11.5,12.305
121,29-06-2024,2360,11.8,278.187,1901,11.9,225.656,63,11.5,7.245,142,11.5,16.33,145,11.4,16.53,109,11.4,12.426
122,30-06-2024,2494,11.8,293.371,2132,11.8,251.84,49,11.6,5.671,89,11.5,10.235,135,11.4,15.39,89,11.5,10.235
123,01-07-2024,3065,11.5,352.848,2718,11.5,313.334,45,11.4,5.13,80,11.4,9.12,133,11.3,15.029,89,11.5,10.235
124,02-07-2024,2260,11.8,266.627,1786,11.9,212.28,71,11.5,8.165,139,11.5,15.985,163,11.4,18.582,101,11.5,11.615
125,03-07-2024,2854,11.8,336.173,2499,11.8,295.484,45,11.5,5.175,87,11.5,10.005,136,11.4,15.504,87,11.5,10.005
126,04-07-2024,2394,11.8,281.422,1913,11.8,226.36,71,11.5,8.165,144,11.4,16.471,164,11.4,18.696,102,11.5,11.73
127,05-07-2024,2811,11.8,330.646,2350,11.8,277.776,62,11.5,7.13,142,11.5,16.341,156,11.4,17.784,101,11.5,11.615
128,06-07-2024,2270,11.8,266.949,1909,11.8,225.58,48,11.5,5.52,83,11.5,9.545,146,11.4,16.644,84,11.5,9.66
129,07-07-2024,2634,11.9,313.115,2156,12.0,258.238,64,11.6,7.424,150,11.5,17.25,157,11.4,17.898,107,11.5,12.305
130,08-07-2024,2579,11.8,303.442,2211,11.8,261.265,54,11.5,6.21,88,11.5,10.12,143,11.4,16.302,83,11.5,9.545
131,09-07-2024,2874,11.8,338.034,2504,11.8,295.63,52,11.5,5.98,90,11.5,10.35,146,11.4,16.644,82,11.5,9.43
132,10-07-2024,2491,11.6,290.078,2052,11.7,240.06,72,11.5,8.251,110,11.4,12.54,164,11.3,18.532,93,11.5,10.695
133,11-07-2024,1253,11.4,142.98,791,11.4,90.174,80,11.5,9.2,121,11.5,13.915,162,11.3,18.306,99,11.5,11.385
134,12-07-2024,1926,11.9,229.583,1547,12.0,186.146,53,11.5,6.095,85,11.5,9.775,148,11.4,16.872,93,11.5,10.695
135,13-07-2024,3353,11.6,389.432,2894,11.6,336.81,76,11.5,8.74,124,11.5,14.26,163,11.4,18.582,96,11.5,11.04
136,14-07-2024,498,11.6,57.991,114,12.1,13.794,51,11.5,5.865,94,11.5,10.81,147,11.4,16.758,92,11.7,10.764
137,15-07-2024,1881,11.9,224.714,1554,12.0,187.126,51,11.5,5.865,85,11.5,9.775,104,11.4,11.856,87,11.6,10.092
138,16-07-2024,3215,11.7,377.225,2753,11.8,324.042,75,11.5,8.625,128,11.5,14.72,155,11.4,17.67,104,11.7,12.168
139,17-07-2024,1822,11.9,216.82,1363,12.0,164.108,72,11.5,8.28,110,11.5,12.65,175,11.4,19.95,102,11.6,11.832
140,18-07-2024,3073,11.8,364.113,2701,11.9,321.085,52,11.6,6.032,72,11.6,8.352,155,11.4,17.67,93,11.8,10.974
141,19-07-2024,2413,11.7,283.341,2050,11.8,241.525,54,11.6,6.264,78,11.5,8.97,140,11.4,15.96,91,11.7,10.622
142,20-07-2024,2399,11.9,284.469,1911,12.0,228.498,72,11.5,8.28,137,11.5,15.755,172,11.4,19.608,107,11.5,12.328
143,21-07-2024,3119,11.9,369.65,2291,12.0,274.265,117,11.5,13.486,204,11.6,23.588,306,11.4,34.884,201,11.7,23.427
144,22-07-2024,2193,11.9,260.496,1335,12.1,161.535,131,11.6,15.196,203,11.5,23.419,317,11.4,36.138,207,11.7,24.208
145,23-07-2024,2369,11.9,281.94,1737,12.0,208.777,133,11.6,15.451,192,11.6,22.31,202,11.4,23.117,105,11.7,12.285
146,24-07-2024,2413,11.9,286.771,1636,12.0,196.32,131,11.7,15.282,179,11.7,20.878,262,11.5,30.13,205,11.8,24.161
147,25-07-2024,2032,11.9,241.016,1268,12.0,152.16,119,11.7,13.923,189,11.7,22.04,234,11.5,26.816,222,11.7,26.077
148,26-07-2024,4200,12.0,504.307,3362,12.1,407.24,117,11.6,13.572,195,11.6,22.62,312,11.4,35.721,214,11.8,25.154
149,27-07-2024,2931,12.0,350.62,2122,12.1,256.762,132,11.7,15.444,158,11.6,18.396,306,11.4,34.884,213,11.8,25.134
150,28-07-2024,1823,12.1,220.157,1377,12.2,167.994,79,11.8,9.322,78,11.7,9.126,169,11.5,19.435,120,11.9,14.28
151,29-07-2024,2507,11.9,299.067,2141,12.0,256.92,50,11.5,5.75,67,11.5,7.705,147,11.4,16.758,102,11.7,11.934
152,30-07-2024,2118,12.1,255.451,1751,12.1,212.62,48,11.7,5.616,65,11.7,7.605,154,11.5,17.71,100,11.9,11.9
153,31-07-2024,3058,12.0,368.386,2606,12.1,315.326,85,11.8,10.03,118,11.7,13.835,137,11.5,15.755,112,12.0,13.44
154,01-08-2024,3828,11.9,456.351,3055,12.0,366.6,126,11.8,14.868,181,11.7,21.177,275,11.3,31.183,191,11.8,22.523
155,02-08-2024,944,11.8,111.548,310,12.2,37.82,117,11.7,13.689,162,11.6,18.73,165,11.4,18.889,190,11.8,22.42
156,03-08-2024,3837,11.9,457.799,3089,12.0,370.68,113,11.8,13.334,166,11.6,19.308,275,11.5,31.495,194,11.8,22.982
157,04-08-2024,2883,11.9,343.313,2146,12.0,258.079,117,11.7,13.646,153,11.5,17.55,267,11.4,30.438,200,11.8,23.6
158,05-08-2024,2119,11.8,251.074,1360,12.0,163.2,117,11.7,13.644,161,11.6,18.676,282,11.4,32.271,199,11.7,23.283
159,06-08-2024,1080,11.9,129.035,500,12.2,61,114,11.8,13.452,152,11.7,17.784,115,11.5,13.225,199,11.8,23.574
160,07-08-2024,3786,11.8,447.879,3065,11.9,363.951,109,11.7,12.753,144,11.6,16.704,269,11.4,30.79,199,11.9,23.681
161,08-08-2024,2885,12.0,345.273,2599,12.0,311.88,45,11.7,5.265,53,11.6,6.148,98,11.5,11.27,90,11.9,10.71
162,09-08-2024,1388,11.9,165.366,960,12.0,115.588,72,11.8,8.496,90,11.7,10.53,159,11.4,18.126,107,11.8,12.626
163,10-08-2024,1627,11.9,194.001,1201,12.0,144.482,72,11.7,8.424,102,11.6,11.832,145,11.4,16.53,107,11.9,12.733
164,11-08-2024,2173,12.0,261.67,1838,12.1,222.398,67,12.0,8.04,99,11.5,11.385,66,11.5,7.59,103,11.9,12.257
165,12-08-2024,2281,12.0,274.522,1891,12.1,228.386,77,12.0,9.24,112,11.7,13.08,76,11.6,8.816,125,12.0,15
166,13-08-2024,2277,12.1,274.49,2027,12.1,244.885,35,12.0,4.2,41,11.7,4.797,68,11.6,7.888,106,12.0,12.72
167,14-08-2024,2232,11.9,266.61,1545,12.0,185.4,112,11.9,13.368,177,11.7,20.709,178,11.6,20.733,220,12.0,26.4
168,15-08-2024,3099,12.1,373.883,2371,12.1,287.824,120,11.9,14.322,181,11.7,21.177,191,11.6,22.24,236,12.0,28.32
169,16-08-2024,1773,12.0,212.309,1020,12.1,123.42,117,12.0,14.003,174,11.7,20.358,228,11.6,26.448,234,12.0,28.08
170,17-08-2024,3298,12.1,397.632,2684,12.1,325.388,77,12.0,9.202,153,11.7,17.901,269,11.7,31.341,115,12.0,13.8
171,18-08-2024,1333,12.0,159.705,550,12.1,66.55,127,12.1,15.367,149,11.8,17.582,251,11.7,29.367,256,12.0,30.839
172,19-08-2024,3487,12.0,419.974,2686,12.1,325.912,126,11.9,14.994,168,11.6,19.488,251,11.6,29.116,256,11.9,30.464
173,20-08-2024,1290,11.8,152.589,450,12.0,54,124,11.9,14.756,170,11.6,19.72,287,11.6,33.292,259,11.9,30.821
174,21-08-2024,2878,12.0,344.273,2071,12.0,248.52,123,12.1,14.84,187,11.7,21.879,246,11.7,28.782,251,12.1,30.252
175,22-08-2024,2993,12.0,360.147,2145,12.1,259.545,123,12.0,14.76,191,11.8,22.462,279,11.7,32.643,255,12.1,30.737
176,23-08-2024,2674,12.0,319.642,1810,12.0,217.2,112,12.1,13.513,218,11.7,25.506,266,11.7,31.122,268,12.1,32.301
177,24-08-2024,2839,12.0,341.263,2482,12.1,300.322,46,11.6,5.336,81,11.4,9.234,103,11.3,11.639,127,11.6,14.732
178,25-08-2024,1524,11.9,181.775,1023,12.1,123.783,81,11.6,9.396,133,11.5,15.295,139,11.5,15.985,148,11.7,17.316
179,26-08-2024,3283,12.0,394.235,2469,12.1,298.325,122,11.9,14.518,207,11.7,24.219,222,11.6,25.752,263,11.9,31.421
180,27-08-2024,4220,11.9,500.88,3411,11.9,405.084,114,12.0,13.68,188,11.7,21.996,240,11.7,28.08,267,12.0,32.04
181,28-08-2024,2625,11.8,310.753,1778,11.8,209.52,116,12.2,14.109,190,12.0,22.735,268,11.7,31.356,273,12.1,33.033
182,29-08-2024,2907,12.0,348.388,2047,12.0,245.64,125,12.1,15.125,197,12.0,23.568,265,11.7,31.005,273,12.1,33.05
183,30-08-2024,2468,12.0,297.383,1600,12.1,193.6,115,12.1,13.915,211,12.0,25.24,274,11.7,32.058,268,12.2,32.57
184,31-08-2024,3547,12.0,427.184,2661,12.1,321.981,122,12.0,14.64,205,11.9,24.323,280,11.7,32.76,279,12.0,33.48
154,01-09-2024,2882,12.2,350.558,2076.0,12.3,254.462,107.0,12.2,13.011,198.0,11.8,23.364,225.0,11.7,26.325,276.0,12.1,33.396
155,02-09-2024,5617,12.1,682.024,4736.0,12.2,577.600,120.0,12.1,14.477,206.0,11.8,24.230,291.0,11.6,33.773,264.0,12.1,31.944
156,03-09-2024,3049,12.1,367.752,2327.0,12.2,283.067,109.0,11.9,13.015,199.0,11.7,23.283,293.0,11.6,33.988,121.0,11.9,14.399
157,04-09-2024,2757,12.1,334.539,2013.0,12.2,245.586,109.0,12.2,13.254,181.0,11.9,21.539,307.0,11.8,36.226,147.0,12.2,17.934
158,05-09-2024,2008,12.0,240.481,1283.0,12.2,156.526,133.0,11.7,15.552,182.0,11.5,20.930,270.0,11.3,30.393,140.0,12.2,17.080
159,06-09-2024,3666,12.2,447.252,2778.0,12.3,342.908,148.0,12.1,17.908,192.0,11.8,22.594,278.0,11.6,32.252,270.0,11.7,31.590
160,07-09-2024,2931,11.9,349.219,2001.0,11.9,238.119,175.0,12.1,21.215,215.0,11.8,25.370,275.0,11.8,32.450,265.0,12.1,32.065
161,08-09-2024,3384,12.0,404.684,2489.0,12.0,297.504,174.0,12.2,21.228,165.0,11.9,19.585,303.0,11.8,35.754,253.0,12.1,30.613
162,09-09-2024,2991,12.0,359.866,2110.0,12.1,255.310,165.0,12.2,20.056,191.0,11.7,22.347,272.0,11.5,31.404,253.0,12.2,30.749
163,10-09-2024,2868,12.1,348.438,1961.0,12.3,241.203,170.0,12.0,20.400,193.0,11.6,22.455,289.0,11.6,33.661,255.0,12.0,30.719
164,11-09-2024,4420,12.1,535.006,3852.0,12.1,467.557,146.0,12.0,17.520,139.0,11.8,16.404,145.0,11.7,16.965,138.0,12.0,16.560
165,12-09-2024,4446,12.2,541.164,3968.0,12.2,484.096,173.0,12.2,21.025,60.0,11.7,7.021,126.0,11.7,14.742,119.0,12.0,14.280
166,13-09-2024,1181,11.9,141.075,264.0,12.1,31.944,186.0,12.2,22.718,207.0,11.8,24.477,270.0,11.6,31.320,254.0,12.1,30.616
167,14-09-2024,5147,12.2,629.375,4207.0,12.3,517.461,171.0,11.9,20.301,211.0,12.0,25.241,300.0,11.7,35.134,258.0,12.1,31.238
168,15-09-2024,5036,11.9,601.132,4109.0,12.0,493.080,190.0,12.1,22.911,207.0,11.5,23.805,272.0,11.4,31.008,258.0,11.8,30.328
169,16-09-2024,4755,12.1,577.550,3924.0,12.2,478.728,168.0,12.1,20.328,200.0,11.8,23.664,216.0,11.6,25.056,247.0,12.1,29.774
170,17-09-2024,2377,12.1,287.108,1500.0,12.2,183.000,181.0,12.1,21.814,184.0,11.8,21.762,261.0,11.6,30.276,251.0,12.1,30.256
171,18-09-2024,3361,12.2,408.679,2493.0,12.3,305.508,194.0,12.0,23.332,191.0,11.9,22.669,232.0,11.6,26.912,251.0,12.1,30.258
172,19-09-2024,4860,12.1,589.346,3993.0,12.2,487.146,179.0,12.0,21.514,190.0,11.7,22.294,250.0,11.5,28.858,248.0,11.9,29.534
173,20-09-2024,4949,12.1,596.468,4050.0,12.1,490.495,203.0,11.9,24.178,191.0,11.7,22.406,251.0,11.6,29.141,254.0,11.9,30.248
174,21-09-2024,4141,11.9,493.592,3429.0,12.0,409.949,195.0,12.0,23.400,128.0,11.6,14.848,135.0,11.6,15.659,254.0,11.7,29.736
175,22-09-2024,1754,11.9,209.546,1172.0,12.0,140.640,151.0,12.3,18.573,69.0,11.6,8.004,103.0,11.4,11.742,259.0,11.8,30.587
176,23-09-2024,3822,12.1,460.870,2993.0,12.1,362.568,181.0,12.3,22.305,187.0,11.7,21.960,213.0,11.5,24.495,248.0,11.9,29.542
177,24-09-2024,5098,12.1,618.857,4213.0,12.2,514.279,192.0,12.1,23.144,180.0,11.7,21.120,255.0,11.6,29.472,258.0,12.0,30.842
178,25-09-2024,2460,11.9,293.572,1585.0,12.0,190.200,192.0,12.2,23.379,184.0,11.6,21.408,239.0,11.6,27.615,260.0,11.9,30.970
179,26-09-2024,3358,12.1,405.504,2728.0,12.2,331.478,82.0,12.2,10.004,186.0,11.6,21.638,238.0,11.6,27.504,124.0,12.0,14.880
180,27-09-2024,2713,12.1,327.563,2334.0,12.1,282.414,73.0,12.2,8.906,56.0,11.7,6.552,103.0,11.7,12.051,147.0,12.0,17.640
181,28-09-2024,2825,12.1,342.140,2109.0,12.2,257.298,184.0,12.0,22.080,126.0,11.8,14.868,147.0,11.6,17.052,259.0,11.9,30.842
182,29-09-2024,1969,12.0,235.905,1082.0,12.1,130.954,203.0,12.0,24.360,181.0,11.8,21.299,241.0,11.7,28.090,262.0,11.9,31.202
183,30-09-2024,4427,12.1,535.749,3832.0,12.2,465.716,81.0,12.0,9.720,154.0,11.7,18.056,240.0,11.7,27.977,120.0,11.9,14.280
184,01-10-2024,3942,12.3,482.902,3424.0,12.3,421.152,89.0,12.1,10.769,71.0,12.1,8.591,232.0,11.7,27.144,126.0,12.1,15.246
185,02-10-2024,2071,12.1,249.621,1470.0,12.1,177.870,78.0,12.4,9.672,125.0,11.9,14.875,244.0,11.7,28.548,154.0,12.1,18.656
186,03-10-2024,3663,12.2,445.427,2825.0,12.3,346.156,147.0,12.2,17.873,183.0,11.8,21.594,231.0,11.6,26.690,277.0,12.0,33.114
187,04-10-2024,1943,12.1,234.958,1345.0,12.2,164.090,54.0,12.2,6.588,68.0,12.2,8.296,348.0,11.6,40.368,128.0,12.2,15.616
188,05-10-2024,3551,12.3,436.488,3056.0,12.4,377.610,81.0,12.3,9.937,121.0,11.6,14.036,137.0,11.7,16.029,156.0,12.1,18.876
189,06-10-2024,5811,12.1,705.953,4858.0,12.2,592.864,187.0,12.1,22.683,237.0,11.7,27.664,246.0,11.7,28.782,283.0,12.0,33.960
190,07-10-2024,2651,12.1,321.459,2037.0,12.2,248.514,82.0,12.1,9.922,125.0,11.7,14.625,246.0,11.8,28.917,161.0,12.1,19.481
191,08-10-2024,2388,12.1,289.038,1528.0,12.2,186.416,139.0,12.3,17.108,186.0,11.8,22.008,253.0,11.6,29.348,282.0,12.1,34.158
192,09-10-2024,3562,12.3,437.400,2832.0,12.4,349.838,139.0,12.4,17.253,186.0,11.8,21.887,112.0,11.7,13.104,293.0,12.1,35.318
193,10-10-2024,1544,12.2,187.668,1120.0,12.2,136.640,58.0,12.2,7.076,58.0,12.2,7.076,140.0,11.7,16.380,168.0,12.2,20.496
194,11-10-2024,4447,12.0,535.343,3819.0,12.1,462.099,77.0,11.9,9.163,181.0,11.7,21.177,248.0,11.5,28.508,122.0,11.8,14.396
195,12-10-2024,2302,11.9,272.808,1678.0,12.0,201.360,60.0,12.0,7.200,178.0,11.4,20.236,256.0,11.2,28.672,130.0,11.8,15.340
196,13-10-2024,3589,11.9,427.660,2780.0,12.0,333.604,142.0,11.9,16.914,173.0,11.8,20.373,206.0,11.4,23.484,288.0,11.6,33.285
197,14-10-2024,2678,11.9,319.722,1848.0,12.0,221.760,130.0,12.2,15.813,168.0,11.8,19.824,237.0,11.6,27.515,295.0,11.8,34.810
198,15-10-2024,3357,12.1,406.747,2539.0,12.2,309.507,135.0,12.4,16.751,161.0,11.8,18.998,241.0,11.7,28.197,281.0,11.8,33.294
199,16-10-2024,3098,12.1,375.144,2300.0,12.2,280.600,133.0,12.2,16.241,153.0,11.7,17.913,241.0,11.6,27.985,271.0,12.0,32.405
200,17-10-2024,2926,12.3,359.648,2128.0,12.5,265.916,128.0,11.9,15.250,168.0,11.7,19.712,242.0,11.7,28.350,260.0,11.7,30.420
201,18-10-2024,2334,12.0,280.134,1558.0,12.1,188.518,133.0,12.1,16.093,171.0,11.7,20.068,208.0,11.5,24.021,264.0,11.9,31.434
202,19-10-2024,3577,12.2,434.759,2789.0,12.3,341.822,143.0,12.0,17.160,167.0,11.7,19.539,207.0,11.6,24.109,271.0,11.9,32.129
203,20-10-2024,1336,12.1,161.331,530.0,12.4,65.720,126.0,12.2,15.372,173.0,11.8,20.356,239.0,11.7,27.963,268.0,11.9,31.920
204,21-10-2024,2804,12.0,336.576,2000.0,12.1,242.000,130.0,12.2,15.804,175.0,11.7,20.475,233.0,11.6,27.028,266.0,11.8,31.269
205,22-10-2024,3488,12.1,421.847,2665.0,12.2,324.330,136.0,12.3,16.666,173.0,11.7,20.295,249.0,11.6,28.984,265.0,11.9,31.572
206,23-10-2024,3346,12.0,402.077,2591.0,12.1,313.511,133.0,12.2,16.170,177.0,11.7,20.709,189.0,11.5,21.735,256.0,11.7,29.952
207,24-10-2024,3014,12.3,371.107,2185.0,12.5,273.726,138.0,12.1,16.698,175.0,11.7,20.420,255.0,11.6,29.580,261.0,11.8,30.683
208,25-10-2024,2668,12.1,323.096,1902.0,12.2,232.044,134.0,12.0,16.080,121.0,12.0,14.520,253.0,11.7,29.492,258.0,12.0,30.960
209,26-10-2024,3595,12.1,433.931,2898.0,12.2,352.137,140.0,12.0,16.818,41.0,11.7,4.797,247.0,11.6,28.550,269.0,11.8,31.629
210,27-10-2024,2705,12.0,323.362,1918.0,12.1,232.078,132.0,12.0,15.896,164.0,11.7,19.139,245.0,11.2,27.467,246.0,11.7,28.782
211,28-10-2024,3729,12.1,449.580,2973.0,12.2,361.232,133.0,12.1,16.036,158.0,11.5,18.108,199.0,11.4,22.784,266.0,11.8,31.420
212,29-10-2024,1559,11.9,185.582,836.0,12.0,100.320,129.0,12.2,15.681,167.0,11.6,19.320,178.0,11.6,20.732,249.0,11.9,29.529
213,30-10-2024,4611,12.0,554.492,3880.0,12.1,467.978,108.0,12.3,13.232,154.0,11.7,17.975,222.0,11.7,25.877,247.0,11.9,29.430
214,31-10-2024,4039,12.2,491.162,3322.0,12.2,406.516,121.0,12.2,14.762,152.0,11.7,17.784,213.0,11.6,24.708,231.0,11.9,27.392
215,01-11-2024,3015,12.1,365.008,2330.0,12.2,284.260,121.0,12.0,14.467,120.0,11.7,14.084,213.0,11.6,24.708,231.0,11.9,27.489
216,02-11-2024,4422,12.2,540.828,4125.0,12.3,505.474,57.0,12.2,6.954,45.0,11.8,5.310,101.0,11.6,11.716,94.0,12.1,11.374
217,03-11-2024,2516,11.9,300.511,1776.0,12.0,213.120,121.0,12.1,14.587,159.0,11.8,18.762,224.0,11.5,25.722,236.0,12.0,28.320
218,04-11-2024,3721,12.1,448.679,3270.0,12.1,395.670,69.0,11.9,8.211,105.0,11.8,12.390,139.0,11.6,16.124,138.0,11.8,16.284
219,05-11-2024,2990,12.0,359.765,2231.0,12.1,269.951,133.0,12.0,15.960,157.0,11.8,18.526,238.0,11.6,27.608,231.0,12.0,27.720
220,06-11-2024,2077,12.0,248.297,1269.0,12.0,152.280,138.0,12.1,16.641,171.0,11.9,20.355,252.0,11.7,29.381,247.0,12.0,29.640
221,07-11-2024,3983,12.1,479.976,3201.0,12.1,387.321,128.0,12.1,15.430,173.0,11.9,20.592,245.0,11.6,28.313,236.0,12.0,28.320
222,08-11-2024,2487,12.0,297.657,2167.0,12.0,260.040,58.0,12.0,6.960,61.0,11.7,7.137,99.0,11.6,11.484,102.0,11.8,12.036
223,09-11-2024,2828,12.0,340.146,2353.0,12.1,284.713,71.0,11.9,8.449,119.0,11.7,13.923,142.0,11.5,16.330,143.0,11.7,16.731
224,10-11-2024,1443,11.9,172.275,1127.0,12.0,135.240,53.0,11.9,6.307,61.0,11.8,7.198,102.0,11.5,11.730,100.0,11.8,11.800
225,11-11-2024,4880,11.8,575.811,4085.0,11.8,483.320,139.0,11.8,16.459,175.0,11.6,20.248,231.0,11.5,26.534,250.0,11.7,29.250
226,12-11-2024,1638,12.0,196.125,1012.0,12.1,122.664,135.0,12.0,16.200,172.0,11.7,20.067,221.0,11.6,25.532,98.0,11.9,11.662
227,13-11-2024,4137,12.0,495.801,3558.0,12.0,427.482,140.0,12.0,16.800,157.0,11.8,18.489,132.0,11.5,15.180,150.0,11.9,17.850
228,14-11-2024,2020,12.0,241.835,1235.0,12.1,149.435,126.0,12.1,15.252,164.0,11.7,19.242,249.0,11.4,28.386,246.0,12.0,29.520
229,15-11-2024,4199,12.0,504.755,3468.0,12.1,418.518,111.0,12.1,13.479,166.0,11.6,19.324,221.0,11.4,25.194,233.0,12.1,28.240
230,16-11-2024,2002,12.0,240.231,1289.0,12.1,155.969,134.0,11.9,16.001,127.0,11.6,14.767,222.0,11.5,25.480,230.0,12.2,28.014
231,17-11-2024,3701,12.2,450.250,3160.0,12.2,386.482,131.0,12.1,15.851,49.0,11.7,5.733,205.0,11.4,23.464,156.0,12.0,18.720
232,18-11-2024,4840,12.0,580.813,4239.0,12.0,510.005,135.0,12.1,16.335,111.0,11.8,13.098,213.0,11.4,24.282,142.0,12.0,17.093
233,19-11-2024,4244,12.0,511.394,3678.0,12.1,444.038,128.0,11.9,15.285,118.0,11.7,13.806,91.0,11.6,10.556,229.0,12.1,27.709
234,20-11-2024,1530,12.0,182.934,1104.0,12.0,132.480,129.0,12.0,15.480,45.0,11.7,5.265,120.0,11.6,13.869,132.0,12.0,15.840
235,21-11-2024,4515,12.0,542.547,3971.0,12.0,478.091,66.0,12.3,8.118,114.0,11.7,13.338,136.0,11.5,15.640,228.0,12.0,27.360
236,22-11-2024,2549,12.1,307.625,1842.0,12.2,224.724,85.0,12.0,10.200,166.0,11.6,19.307,228.0,11.6,26.448,228.0,11.8,26.946
237,23-11-2024,3085,12.2,376.144,2429.0,12.3,298.767,140.0,12.2,17.092,55.0,11.7,6.435,229.0,11.4,26.200,232.0,11.9,27.650
238,24-11-2024,1171,11.9,139.559,520.0,12.1,62.680,69.0,12.1,8.349,126.0,11.6,14.616,240.0,11.6,27.736,216.0,12.1,26.178
239,25-11-2024,4562,12.1,549.770,3846.0,12.1,465.366,86.0,12.0,10.320,176.0,11.7,20.592,235.0,11.7,27.392,219.0,11.9,26.100
240,26-11-2024,2267,12.0,272.208,1513.0,12.1,183.073,138.0,12.4,17.046,175.0,11.8,20.595,237.0,11.5,27.298,204.0,11.9,24.196
241,27-11-2024,3515,12.1,424.057,2846.0,12.1,344.906,91.0,12.5,11.361,179.0,11.6,20.805,209.0,11.5,23.953,190.0,12.1,23.032
242,28-11-2024,4994,12.1,602.086,4444.0,12.1,537.724,56.0,12.1,6.776,184.0,11.6,21.286,225.0,11.6,26.100,85.0,12.0,10.200
243,29-11-2024,1806,11.9,215.526,1266.0,12.0,151.920,147.0,11.9,17.516,178.0,11.6,20.697,97.0,11.7,11.351,118.0,11.9,14.042
244,30-11-2024,3648,12.1,441.923,3135.0,12.2,381.308,128.0,12.0,15.334,129.0,11.7,15.093,133.0,11.6,15.428,123.0,12.0,14.760
245,01-12-2024,2064,12.0,247.491,1424.0,12.1,172.304,119.0,12.0,14.280,160.0,11.7,18.648,174.0,11.5,20.085,187.0,11.9,22.174
246,02-12-2024,3057,12.1,369.099,2528.0,12.1,306.442,93.0,12.3,11.395,146.0,11.7,17.082,155.0,11.6,17.980,135.0,12.0,16.200
247,03-12-2024,1365,12.0,164.074,712.0,12.1,86.152,124.0,12.1,15.004,172.0,11.9,20.540,194.0,11.7,22.622,163.0,12.1,19.756
248,04-12-2024,3361,12.1,407.094,2673.0,12.2,327.001,125.0,11.8,14.750,176.0,11.7,20.592,212.0,11.4,24.168,175.0,11.8,20.583
249,05-12-2024,4221,12.0,508.246,3562.0,12.1,431.002,101.0,12.1,12.234,178.0,11.6,20.648,205.0,11.5,23.575,175.0,11.9,20.787
250,06-12-2024,2553,11.9,302.693,1833.0,12.0,219.960,117.0,11.9,13.874,177.0,11.4,20.178,245.0,11.3,27.685,181.0,11.6,20.996
251,07-12-2024,3208,11.9,381.100,2670.0,11.9,317.475,117.0,12.2,14.225,127.0,11.7,14.841,117.0,11.6,13.572,177.0,11.9,20.987
252,08-12-2024,1581,11.9,187.482,1140.0,11.9,135.660,117.0,12.0,13.992,51.0,11.6,5.898,94.0,11.5,10.810,179.0,11.8,21.122
253,09-12-2024,3842,12.0,459.305,3143.0,12.0,376.685,123.0,12.0,14.760,180.0,11.7,21.060,228.0,11.6,26.448,168.0,12.1,20.352
254,10-12-2024,1523,11.7,178.153,834.0,11.7,97.578,132.0,11.9,15.708,174.0,11.8,20.532,207.0,11.3,23.391,176.0,11.9,20.944
255,11-12-2024,1881,12.0,225.573,1210.0,12.1,146.410,134.0,12.1,16.160,143.0,11.7,16.688,224.0,11.6,25.984,170.0,12.0,20.331
256,12-12-2024,3894,12.0,468.106,3266.0,12.1,395.310,123.0,11.8,14.514,143.0,11.5,16.445,195.0,11.4,22.230,167.0,11.7,19.607
257,13-12-2024,1213,11.8,143.364,622.0,11.9,74.018,111.0,12.1,13.470,129.0,11.6,14.964,196.0,11.5,22.622,155.0,11.8,18.290
258,14-12-2024,4516,11.8,532.910,3883.0,11.8,459.993,120.0,11.8,14.160,140.0,11.4,15.960,211.0,11.3,23.843,162.0,11.7,18.954
259,15-12-2024,856,11.9,102.110,477.0,11.9,56.763,123.0,12.1,14.883,95.0,11.9,11.305,92.0,11.6,10.672,69.0,12.3,8.487
260,16-12-2024,4207,11.9,502.697,3714.0,12.0,443.904,120.0,12.0,14.400,148.0,11.6,17.168,125.0,12.1,15.125,100.0,12.1,12.100
261,17-12-2024,1377,11.7,161.743,721.0,11.8,85.078,121.0,12.0,14.520,141.0,11.6,16.356,221.0,11.5,25.440,173.0,11.8,20.349
262,18-12-2024,4138,11.7,485.352,3489.0,11.7,409.618,114.0,12.1,13.808,135.0,11.5,15.525,232.0,11.5,26.577,168.0,11.8,19.824
263,19-12-2024,4930,12.0,593.525,4291.0,12.1,519.211,111.0,12.1,13.470,127.0,11.5,14.605,226.0,11.4,25.764,175.0,11.7,20.475
264,20-12-2024,1765,11.8,208.658,1107.0,11.9,131.733,123.0,12.1,14.883,140.0,11.8,16.520,231.0,11.4,26.334,164.0,11.7,19.188
265,21-12-2024,1707,11.8,201.985,1032.0,11.9,122.808,132.0,12.1,15.972,143.0,11.6,16.588,227.0,11.5,26.105,173.0,11.9,20.512
266,22-12-2024,4211,11.9,502.373,3584.0,12.0,429.054,130.0,11.9,15.470,107.0,11.7,12.519,230.0,11.5,26.450,160.0,11.8,18.880
267,23-12-2024,2489,11.9,296.413,1780.0,12.0,213.600,120.0,11.9,14.280,144.0,11.7,16.848,275.0,11.5,31.625,170.0,11.8,20.060
268,24-12-2024,3488,11.9,415.575,2853.0,12.0,342.360,119.0,11.7,13.923,145.0,11.5,16.626,206.0,11.5,23.599,165.0,11.6,19.067
269,25-12-2024,4625,11.9,550.020,3962.0,11.9,473.334,123.0,11.8,14.514,150.0,11.5,17.250,221.0,11.5,25.318,169.0,11.6,19.604
270,26-12-2024,1889,11.6,219.572,1235.0,11.7,144.495,122.0,11.6,14.152,139.0,11.5,15.985,216.0,11.3,24.408,177.0,11.6,20.532
271,27-12-2024,3971,11.8,467.402,3316.0,11.8,390.400,122.0,12.1,14.707,145.0,11.7,16.965,227.0,11.6,26.332,161.0,11.8,18.998
272,28-12-2024,1492,11.8,175.837,877.0,11.9,104.363,113.0,11.9,13.462,142.0,11.5,16.382,211.0,11.5,24.166,149.0,11.7,17.464
273,29-12-2024,4286,11.7,501.893,3647.0,11.7,428.291,120.0,11.7,14.040,143.0,11.4,16.302,211.0,11.4,23.955,165.0,11.7,19.305
274,30-12-2024,2478,11.8,293.247,1840.0,11.9,218.960,123.0,12.0,14.760,150.0,11.5,17.250,214.0,11.5,24.610,151.0,11.7,17.667
275,31-12-2024,3480,11.7,405.775,2808.0,11.7,327.335,122.0,11.9,14.468,153.0,11.6,17.748,225.0,11.6,26.100,172.0,11.7,20.124
276,01-01-2025,4020,11.9,479.534,3388.0,12.0,405.612,125.0,12.1,15.074,149.0,11.7,17.384,211.0,11.5,24.265,147.0,11.7,17.199
277,02-01-2025,5476,12.0,656.135,4819.0,12.0,578.280,126.0,12.0,15.120,149.0,11.8,17.533,222.0,11.7,25.974,160.0,12.0,19.228
278,03-01-2025,2640,11.9,314.812,1972.0,12.0,236.640,120.0,12.2,14.595,151.0,11.6,17.516,239.0,11.5,27.485,158.0,11.8,18.576
279,04-01-2025,3475,12.0,415.787,2814.0,12.0,337.680,122.0,12.2,14.837,148.0,11.8,17.464,235.0,11.6,27.260,156.0,11.9,18.546
280,05-01-2025,2164,11.9,258.322,1520.0,12.0,182.400,114.0,12.1,13.794,144.0,11.7,16.848,229.0,11.6,26.564,157.0,11.9,18.716
281,06-01-2025,4018,12.0,482.772,3361.0,12.1,406.740,104.0,11.8,12.272,151.0,11.5,17.365,237.0,11.5,27.255,165.0,11.6,19.140
282,07-01-2025,2190,11.9,259.603,1543.0,11.9,183.617,126.0,11.9,14.994,145.0,11.7,16.965,239.0,11.6,27.724,137.0,11.9,16.303
283,08-01-2025,3987,11.9,475.593,3295.0,12.0,393.998,115.0,12.2,14.030,148.0,11.6,17.168,255.0,11.6,29.580,174.0,12.0,20.817
284,09-01-2025,1900,11.8,224.725,1294.0,11.9,153.986,108.0,12.0,12.919,154.0,11.6,17.864,245.0,11.5,28.175,99.0,11.9,11.781
285,10-01-2025,4106,11.9,486.819,3555.0,11.9,422.754,107.0,12.1,12.947,151.0,11.5,17.365,235.0,11.5,27.025,58.0,11.6,6.728
286,11-01-2025,1905,11.8,225.601,1302.0,11.9,154.938,103.0,12.1,12.443,107.0,11.9,12.733,256.0,11.4,29.184,137.0,11.9,16.303
287,12-01-2025,4052,12.0,484.327,3501.0,12.0,420.120,105.0,11.9,12.495,54.0,11.5,6.210,245.0,11.4,27.930,147.0,12.0,17.572
288,13-01-2025,2045,11.9,243.570,1404.0,12.0,168.480,111.0,12.1,13.388,154.0,11.7,18.018,212.0,11.4,24.168,164.0,11.9,19.516
289,14-01-2025,3992,11.9,476.855,3356.0,12.0,402.720,103.0,11.9,12.257,160.0,11.7,18.720,214.0,11.4,24.396,159.0,11.8,18.762
290,15-01-2025,1930,11.8,228.109,1368.0,11.9,162.792,49.0,11.9,5.831,152.0,11.7,17.784,224.0,11.4,25.536,137.0,11.8,16.166
291,16-01-2025,3762,12.0,450.645,3255.0,12.0,391.767,69.0,12.1,8.349,151.0,11.6,17.516,228.0,11.4,25.992,59.0,11.9,7.021
292,17-01-2025,1389,11.8,164.218,883.0,11.9,105.077,106.0,12.1,12.788,102.0,11.9,12.138,225.0,11.3,25.528,73.0,11.9,8.687
293,18-01-2025,4218,12.0,504.526,3662.0,12.0,439.440,99.0,12.1,11.979,53.0,11.7,6.201,234.0,11.4,26.676,170.0,11.9,20.230
294,19-01-2025,2970,11.9,353.769,2307.0,12.0,276.840,113.0,11.7,13.221,156.0,11.8,18.408,242.0,11.2,27.212,152.0,11.9,18.088
295,20-01-2025,3467,12.0,414.608,2884.0,12.0,347.396,47.0,11.9,5.593,152.0,11.7,17.784,223.0,11.4,25.320,161.0,11.5,18.515
296,21-01-2025,3853,12.0,460.442,3212.0,12.0,385.440,119.0,12.1,14.383,150.0,11.9,17.802,237.0,11.2,26.544,135.0,12.1,16.273
297,22-01-2025,1835,11.8,216.880,1157.0,11.9,137.683,131.0,12.0,15.754,155.0,11.8,18.339,233.0,11.2,26.096,159.0,12.0,19.008
298,23-01-2025,3952,11.9,472.101,3444.0,12.0,413.280,52.0,11.9,6.188,158.0,11.9,18.802,233.0,11.2,26.096,65.0,11.9,7.735
299,24-01-2025,1612,11.8,190.733,1186.0,11.9,141.134,71.0,12.3,8.733,56.0,11.8,6.608,213.0,11.4,24.282,86.0,11.6,9.976
300,25-01-2025,3901,12.1,470.812,3458.0,12.1,419.747,51.0,11.8,6.018,101.0,11.6,11.716,227.0,11.4,25.779,64.0,11.8,7.552
301,26-01-2025,1359,11.7,158.917,808.0,11.8,95.344,81.0,12.0,9.720,154.0,11.5,17.760,232.0,11.4,26.349,84.0,11.6,9.744
302,27-01-2025,4476,12.0,534.897,3844.0,12.0,461.694,134.0,11.9,15.968,138.0,11.5,15.870,232.0,11.4,26.448,128.0,11.7,14.917
303,28-01-2025,1961,11.9,232.730,1329.0,12.0,159.480,129.0,11.9,15.324,142.0,11.7,16.614,220.0,11.3,24.956,141.0,11.6,16.356
304,29-01-2025,3751,12.0,450.371,3182.0,12.1,383.819,134.0,12.1,16.162,49.0,11.8,5.782,235.0,11.4,26.790,151.0,11.8,17.818
305,30-01-2025,1654,11.7,192.967,1107.0,11.7,129.519,52.0,11.8,6.136,98.0,11.7,11.466,250.0,11.4,28.500,147.0,11.8,17.346
306,31-01-2025,3936,11.8,463.500,3409.0,11.8,402.170,76.0,12.0,9.120,50.0,11.8,5.900,252.0,11.4,28.728,149.0,11.8,17.582
307,01-02-2025,1834,11.4,209.436,1174.0,11.5,135.010,139.0,11.7,16.202,146.0,11.1,16.206,244.0,11.1,27.084,131.0,11.4,14.934
308,02-02-2025,3910,11.6,452.075,3241.0,11.6,375.343,139.0,11.8,16.421,155.0,11.4,17.670,242.0,11.3,27.346,133.0,11.5,15.295
309,03-02-2025,1416,11.7,165.431,766.0,11.8,90.388,135.0,12.0,16.256,159.0,11.5,18.285,219.0,11.3,24.747,137.0,11.5,15.755
310,04-02-2025,3659,11.7,428.126,3143.0,11.7,367.731,128.0,12.2,15.566,137.0,11.7,16.029,200.0,11.4,22.853,51.0,11.7,5.947
311,05-02-2025,1006,11.7,117.848,418.0,11.8,49.324,130.0,12.1,15.676,150.0,11.6,17.400,224.0,11.4,25.536,84.0,11.8,9.912
312,06-02-2025,4123,11.7,483.850,3511.0,11.8,412.840,127.0,12.1,15.316,148.0,11.5,16.970,212.0,11.4,24.168,125.0,11.6,14.556
313,07-02-2025,1266,11.8,149.787,658.0,12.0,78.960,140.0,12.2,17.026,132.0,11.5,15.145,190.0,11.4,21.660,146.0,11.6,16.996
314,08-02-2025,3896,12.0,468.408,3271.0,12.1,395.791,134.0,12.0,16.080,158.0,11.6,18.328,195.0,11.4,22.149,138.0,11.6,16.060
315,09-02-2025,2357,11.9,280.449,1706.0,12.0,204.720,140.0,12.1,16.883,153.0,11.6,17.748,215.0,11.4,24.510,143.0,11.6,16.588
316,10-02-2025,2849,12.0,341.548,2217.0,12.1,268.257,137.0,11.9,16.303,140.0,11.6,16.240,216.0,11.4,24.624,139.0,11.6,16.124
317,11-02-2025,2985,12.0,357.150,2407.0,12.1,290.302,127.0,12.0,15.240,135.0,11.5,15.525,191.0,11.3,21.583,125.0,11.6,14.500
318,12-02-2025,2009,11.8,237.630,1398.0,11.9,166.362,138.0,11.9,16.422,158.0,11.6,18.377,193.0,11.5,22.195,122.0,11.7,14.274
319,13-02-2025,1051,11.7,123.227,412.0,11.9,49.028,150.0,12.0,18.056,135.0,11.5,15.525,223.0,11.4,25.422,131.0,11.6,15.196
320,14-02-2025,4056,12.1,489.061,3421.0,12.1,415.602,142.0,12.0,16.980,151.0,11.5,17.365,212.0,11.3,23.956,130.0,11.7,15.158
321,15-02-2025,4511,12.0,539.194,3951.0,12.0,474.120,144.0,11.9,17.136,144.0,11.5,16.560,198.0,11.4,22.572,74.0,11.9,8.806
322,16-02-2025,1228,11.8,144.379,745.0,11.9,88.655,62.0,11.8,7.316,148.0,11.6,17.168,214.0,11.4,24.396,59.0,11.6,6.844
323,17-02-2025,3690,11.9,437.738,3179.0,11.9,378.566,74.0,12.1,8.964,154.0,11.5,17.710,224.0,11.4,25.536,59.0,11.8,6.962
324,18-02-2025,3408,11.9,403.982,2842.0,11.9,338.198,135.0,11.9,16.088,147.0,11.6,17.052,217.0,11.4,24.738,67.0,11.8,7.906
325,19-02-2025,1642,11.8,193.478,1064.0,11.9,126.876,85.0,11.8,10.030,142.0,11.5,16.330,214.0,11.3,24.271,137.0,11.7,15.971
326,20-02-2025,924,11.7,107.730,468.0,11.8,55.224,50.0,12.0,6.000,114.0,11.4,13.032,230.0,11.4,26.220,62.0,11.7,7.254
327,21-02-2025,4373,11.9,520.926,3733.0,12.0,446.262,164.0,12.0,19.680,109.0,11.7,12.753,236.0,11.4,26.904,131.0,11.7,15.327
328,22-02-2025,4395,11.8,519.751,3723.0,11.9,442.532,152.0,11.9,18.114,157.0,11.5,18.013,236.0,11.2,26.535,127.0,11.5,14.557
329,23-02-2025,4383,11.8,518.333,3730.0,11.9,443.388,142.0,11.9,16.920,133.0,11.5,15.260,255.0,11.2,28.666,123.0,11.5,14.099
330,24-02-2025,4313,11.8,510.074,3653.0,11.9,434.254,148.0,11.9,17.646,144.0,11.5,16.522,239.0,11.2,26.871,129.0,11.5,14.781
331,25-02-2025,4412,11.7,516.446,3775.0,11.7,442.710,143.0,12.0,17.160,141.0,11.5,16.215,234.0,11.4,26.676,119.0,11.5,13.685
332,26-02-2025,4390,11.8,519.097,3733.0,11.9,442.995,142.0,11.9,16.928,147.0,11.6,17.092,238.0,11.4,27.132,130.0,11.5,14.950
333,27-02-2025,4233,11.9,504.323,3630.0,12.0,434.054,137.0,12.1,16.608,137.0,11.7,16.029,203.0,11.4,23.142,126.0,11.5,14.490
334,28-02-2025,4404,11.3,497.835,3779.0,11.3,428.170,145.0,11.3,16.449,134.0,11.1,14.908,222.0,11.0,24.420,124.0,11.2,13.888
335,01-03-2025,4166,11.8,492.025,3542.0,11.8,419.180,150.0,12.0,18.056,140.0,11.7,16.380,223.0,11.4,25.422,111.0,11.7,12.987
336,02-03-2025,4190,11.8,495.173,3577.0,11.9,423.990,145.0,11.9,17.236,134.0,11.7,15.678,216.0,11.4,24.624,118.0,11.6,13.645
337,03-03-2025,3704,11.8,437.610,3072.0,11.8,363.864,156.0,12.0,18.720,138.0,11.7,16.146,222.0,11.4,25.308,116.0,11.7,13.572
338,04-03-2025,4276,11.7,500.902,3656.0,11.7,429.025,149.0,12.0,17.880,138.0,11.5,15.908,218.0,11.3,24.634,115.0,11.7,13.455
339,05-03-2025,4351,11.7,509.580,3743.0,11.7,439.345,151.0,11.9,17.952,138.0,11.5,15.906,209.0,11.3,23.617,110.0,11.6,12.760
340,06-03-2025,4375,11.7,512.342,3761.0,11.7,441.430,150.0,11.9,17.824,133.0,11.5,15.331,213.0,11.3,24.069,118.0,11.6,13.688
341,07-03-2025,4351,11.7,509.561,3742.0,11.7,439.250,141.0,11.9,16.758,139.0,11.5,16.022,211.0,11.3,23.843,118.0,11.6,13.688
342,08-03-2025,4341,11.8,512.907,3769.0,11.8,446.613,140.0,11.9,16.642,136.0,11.6,15.808,223.0,11.4,25.422,73.0,11.5,8.422
343,09-03-2025,4331,11.6,502.171,3737.0,11.6,433.531,139.0,11.7,16.263,134.0,11.5,15.474,218.0,11.4,24.852,103.0,11.7,12.051
344,10-03-2025,4308,11.7,504.710,3701.0,11.7,434.755,145.0,11.8,17.142,140.0,11.5,16.100,213.0,11.3,24.069,109.0,11.6,12.644
345,11-03-2025,4308,11.7,504.328,3701.0,11.7,433.875,135.0,12.0,16.200,142.0,11.6,16.500,221.0,11.3,24.973,109.0,11.7,12.780
346,12-03-2025,3989,11.7,467.553,3405.0,11.8,400.125,131.0,11.8,15.450,132.0,11.6,15.366,230.0,11.3,25.990,91.0,11.7,10.622
347,13-03-2025,3853,11.8,455.761,3277.0,11.9,388.872,128.0,11.9,15.204,133.0,11.7,15.532,217.0,11.3,24.521,98.0,11.9,11.632
348,14-03-2025,3998,11.7,468.510,3422.0,11.7,401.640,135.0,12.0,16.200,126.0,11.6,14.655,217.0,11.3,24.521,98.0,11.7,11.494
349,15-03-2025,4069,11.7,476.910,3491.0,11.7,409.920,144.0,12.0,17.280,103.0,11.6,11.943,243.0,11.3,27.459,88.0,11.7,10.308
350,16-03-2025,4072,11.8,481.674,3453.0,11.9,409.851,135.0,11.9,16.038,138.0,11.7,16.112,244.0,11.3,27.572,102.0,11.9,12.101
351,17-03-2025,4149,11.8,490.726,3528.0,11.9,418.650,133.0,11.9,15.804,137.0,11.7,15.994,242.0,11.3,27.346,109.0,11.9,12.932
352,18-03-2025,4055,11.7,475.066,3446.0,11.7,404.274,128.0,11.9,15.189,135.0,11.7,15.762,245.0,11.4,27.826,101.0,11.9,12.015
353,19-03-2025,4217,11.5,485.134,3563.0,11.5,410.443,141.0,11.7,16.497,138.0,11.5,15.870,267.0,11.2,29.904,108.0,11.5,12.420
354,20-03-2025,4145,11.8,489.951,3501.0,11.8,414.715,144.0,11.8,16.992,142.0,11.8,16.756,252.0,11.5,28.980,106.0,11.8,12.508
355,21-03-2025,4084,11.6,474.226,3439.0,11.6,400.424,134.0,11.6,15.558,139.0,11.5,16.044,269.0,11.3,30.291,103.0,11.6,11.909
356,22-03-2025,3935,11.7,460.664,3271.0,11.7,384.070,139.0,12.0,16.680,136.0,11.5,15.702,272.0,11.2,30.571,117.0,11.7,13.641
357,23-03-2025,4000,11.7,468.878,3323.0,11.8,390.805,124.0,11.7,14.508,142.0,11.5,16.330,284.0,11.4,32.376,127.0,11.7,14.859
358,24-03-2025,4007,11.8,473.005,3340.0,11.8,395.538,134.0,12.0,16.080,137.0,11.6,15.892,279.0,11.4,31.806,117.0,11.7,13.689
359,25-03-2025,3991,11.7,466.787,3317.0,11.7,388.800,139.0,11.9,16.574,139.0,11.5,16.054,264.0,11.4,29.987,132.0,11.6,15.372
360,26-03-2025,4109,11.7,480.725,3402.0,11.7,398.958,152.0,11.9,18.118,130.0,11.6,15.018,292.0,11.4,33.165,133.0,11.6,15.466
361,27-03-2025,4078,11.8,481.261,3368.0,11.8,398.829,151.0,12.0,18.120,137.0,11.7,15.997,290.0,11.3,32.892,132.0,11.7,15.423
362,28-03-2025,4028,11.7,470.859,3334.0,11.7,390.980,149.0,11.7,17.417,136.0,11.6,15.742,279.0,11.3,31.640,130.0,11.6,15.080
363,29-03-2025,4018,11.6,465.830,3319.0,11.6,385.745,152.0,11.7,17.784,138.0,11.6,15.974,299.0,11.3,33.787,110.0,11.4,12.540
364,30-03-2025,749,11.4,85.714,50.0,11.7,5.850,146.0,11.7,17.122,135.0,11.4,15.357,285.0,11.3,32.090,133.0,11.5,15.295
365,31-03-2025,3864,11.6,448.809,3217.0,11.7,374.917,166.0,11.7,19.349,135.0,11.4,15.390,291.0,11.3,32.883,55.0,11.4,6.270
